{"cameraMode":{"drawMode":0,"name":"Shaded","section":"Shading Mode"},"sceneLighting":false,"audioPlay":false,"sceneViewState":{"showFog":true,"showMaterialUpdate":false,"showSkybox":false,"showFlares":true,"showImageEffects":true,"showParticleSystems":true},"in2DMode":false,"pivot":{"x":-0.021329939365386964,"y":0.23259660601615907,"z":-0.03384774923324585},"rotation":{"x":-0.48168477416038515,"y":0.1849566102027893,"z":-0.10479827970266342,"w":-0.8501695394515991},"size":1.7901709079742432,"orthographic":false}