{"cameraMode":{"drawMode":0,"name":"Shaded","section":"Shading Mode"},"sceneLighting":true,"audioPlay":false,"sceneViewState":{"showFog":true,"showMaterialUpdate":false,"showSkybox":true,"showFlares":true,"showImageEffects":true,"showParticleSystems":true},"in2DMode":false,"pivot":{"x":-7.8676605224609379,"y":-2.7272300720214845,"z":17.477907180786134},"rotation":{"x":-0.2508765161037445,"y":0.7173891663551331,"z":-0.5672197341918945,"w":-0.31729406118392947},"size":36.469329833984378,"orthographic":false}